epoch,iter,loss_D,loss_G,gp
1,0,9.840253829956055,0.08440721035003662,9.910232543945312
1,1,9.662286758422852,0.0984116941690445,9.81875228881836
1,2,9.326559066772461,0.11644697189331055,9.642330169677734
1,3,9.082219123840332,0.11897100508213043,9.493204116821289
1,4,8.786079406738281,0.1170557290315628,9.319543838500977
1,5,8.40071964263916,0.12093210220336914,9.072736740112305
1,6,7.991194248199463,0.11289875954389572,8.8051118850708
1,7,7.497018337249756,0.08663157373666763,8.534398078918457
1,8,7.154688358306885,0.0895427018404007,8.314693450927734
1,9,6.964946746826172,0.05892746150493622,8.125937461853027
1,10,6.753485679626465,0.024988576769828796,7.964597702026367
1,11,6.3444719314575195,-0.009143149480223656,7.674116611480713
1,12,6.008225440979004,-0.07315604388713837,7.449149131774902
1,13,5.817387580871582,-0.11489715427160263,7.314453125
1,14,5.803243160247803,-0.1604142189025879,7.26090669631958
1,15,5.478125095367432,-0.232619047164917,7.091739654541016
1,16,5.535056114196777,-0.30964839458465576,7.0277099609375
1,17,5.35382080078125,-0.34771522879600525,6.909682750701904
1,18,5.2921295166015625,-0.4139750599861145,6.9736247062683105
1,19,5.24789571762085,-0.4724997282028198,6.841912269592285
1,20,5.123037338256836,-0.5818756222724915,6.754245758056641
1,21,4.892862319946289,-0.6607307195663452,6.563249588012695
1,22,5.0331573486328125,-0.744682252407074,6.56790018081665
1,23,5.1490349769592285,-0.7857056856155396,6.603734970092773
1,24,5.216426849365234,-0.8396600484848022,6.584710121154785
1,25,4.957833766937256,-0.9672168493270874,6.542047500610352
1,26,5.14216423034668,-0.9494720101356506,6.6505842208862305
1,27,5.0259809494018555,-1.0277053117752075,6.4151787757873535
1,28,4.857279300689697,-1.0947805643081665,6.441135406494141
1,29,4.929955959320068,-1.0948131084442139,6.48712682723999
1,30,4.801327228546143,-1.1188925504684448,6.515405178070068
1,31,4.643430709838867,-1.1785125732421875,6.466080665588379
1,32,4.849817276000977,-1.0627965927124023,6.657306671142578
1,33,5.021903038024902,-1.0529305934906006,6.638501167297363
1,34,4.6567511558532715,-1.1239150762557983,6.505208969116211
1,35,4.764280319213867,-1.1244490146636963,6.483320236206055
1,36,4.386168003082275,-1.13931405544281,6.513628959655762
1,37,4.4442458152771,-1.0092036724090576,6.5106916427612305
1,38,4.528689384460449,-1.00160551071167,6.456841468811035
1,39,4.270542144775391,-0.9635646939277649,6.470207214355469
1,40,4.307595252990723,-0.8971829414367676,6.452411651611328
1,41,4.332402229309082,-0.8123552799224854,6.482090950012207
1,42,3.1211957931518555,-0.8813554644584656,6.048157691955566
1,43,4.446994781494141,-0.6040357351303101,6.660634994506836
1,44,4.011291027069092,-0.5642222166061401,6.461949825286865
1,45,3.5420918464660645,-0.5244348049163818,6.266019821166992
1,46,3.7175521850585938,-0.4398011565208435,6.350492477416992
1,47,3.2015461921691895,-0.3803281784057617,6.186363697052002
1,48,3.7076189517974854,-0.26790887117385864,6.451936721801758
1,49,3.0683813095092773,-0.17367982864379883,6.1764912605285645
1,50,3.324953079223633,-0.1090700775384903,6.244682312011719
1,51,2.920818567276001,-0.06176760047674179,6.068863868713379
1,52,3.016049385070801,0.0018078879220411181,6.139287948608398
1,53,2.741687536239624,0.08188047260046005,6.074398994445801
1,54,2.4622299671173096,0.0820821225643158,5.913488864898682
1,55,2.562842607498169,0.12148232758045197,5.955005645751953
1,56,2.374709367752075,0.07402880489826202,5.761773109436035
1,57,2.329209566116333,0.16743695735931396,5.784614086151123
1,58,1.888641119003296,0.14148840308189392,5.578619956970215
1,59,1.782958745956421,0.2592521607875824,5.603590488433838
1,60,2.2301154136657715,0.2930073142051697,5.766648292541504
1,61,1.7401297092437744,0.20040760934352875,5.475811958312988
1,62,0.9841861724853516,0.24066311120986938,5.08394193649292
1,63,1.6225552558898926,0.16467134654521942,5.146465301513672
1,64,1.499605655670166,0.1911880075931549,5.110503196716309
1,65,0.7033557891845703,0.23141340911388397,4.782440662384033
1,66,0.7002415657043457,0.15236088633537292,4.712989807128906
1,67,0.5300769805908203,0.13125596940517426,4.667013168334961
1,68,0.25378942489624023,0.07959669828414917,4.391580104827881
1,69,0.2327275276184082,-0.022812478244304657,4.245214462280273
1,70,-0.6871161460876465,-0.4445178508758545,3.657195568084717
1,71,0.5228793621063232,-0.4132777154445648,4.105076789855957
1,72,-0.4552030563354492,-0.28842446208000183,3.6388959884643555
1,73,-0.6616778373718262,-0.34078967571258545,3.630223274230957
1,74,-1.2507362365722656,-0.4224146008491516,3.3508992195129395
1,75,-1.8366475105285645,-0.6249486207962036,3.1376280784606934
1,76,-1.5380463600158691,-0.6448866128921509,3.075869560241699
1,77,-1.8576295375823975,-0.6006361246109009,2.912466287612915
1,78,-2.7756946086883545,-0.770976722240448,2.413715124130249
1,79,-0.8971729278564453,-0.7007173895835876,3.1966757774353027
1,80,-1.4379029273986816,-0.8851308822631836,2.832540988922119
1,81,-1.9493908882141113,-0.8895203471183777,2.4704222679138184
1,82,-2.499314308166504,-0.7832374572753906,2.2692151069641113
1,83,-2.964860677719116,-0.9729933738708496,2.0900537967681885
1,84,-1.6897716522216797,-0.8869777321815491,2.714273452758789
1,85,-3.9021801948547363,-1.1092503070831299,1.567941665649414
1,86,-3.1580142974853516,-0.987731397151947,2.021576404571533
1,87,-2.5514731407165527,-1.0838546752929688,2.131720542907715
1,88,-3.5668699741363525,-0.9270482659339905,1.843693494796753
1,89,-2.925368309020996,-1.0806372165679932,1.8720675706863403
1,90,-4.943836688995361,-1.1910724639892578,1.3150177001953125
1,91,-4.111800193786621,-0.8449809551239014,1.5054733753204346
1,92,-4.407144069671631,-0.6646504402160645,1.5353988409042358
1,93,-4.749670505523682,-0.6746955513954163,1.368757724761963
1,94,-4.229434490203857,-0.3783860504627228,1.7632728815078735
1,95,-5.0086669921875,-0.26841267943382263,1.5764080286026
1,96,-5.431648254394531,-0.13143949210643768,1.773605227470398
1,97,-5.2542724609375,-0.19725671410560608,1.6757922172546387
1,98,-5.944004535675049,-0.008528799749910831,1.7264113426208496
1,99,-6.624275207519531,0.21628567576408386,1.4094934463500977
1,100,-5.655271053314209,0.33428919315338135,1.665392518043518
1,101,-6.217157363891602,0.4164492189884186,1.6848981380462646
1,102,-6.69822883605957,0.2876391112804413,1.4763468503952026
1,103,-6.496725082397461,0.07640153169631958,1.5575969219207764
1,104,-7.025116920471191,0.46702492237091064,1.7646715641021729
1,105,-6.95772647857666,0.5611504316329956,1.7512092590332031
1,106,-7.904579162597656,0.5036129355430603,1.4983731508255005
1,107,-7.599759101867676,0.600763201713562,1.738304853439331
1,108,-7.960699081420898,0.7043511867523193,1.9512202739715576
1,109,-7.15071439743042,0.5659502744674683,1.8964570760726929
1,110,-7.661965370178223,0.6524134278297424,2.020439386367798
1,111,-8.816227912902832,0.7183547019958496,1.6696077585220337
1,112,-8.13296127319336,0.7502464652061462,2.0351293087005615
1,113,-9.2167329788208,0.8114504218101501,2.084346055984497
1,114,-8.606929779052734,0.719407856464386,1.8607200384140015
1,115,-8.350653648376465,0.8001039028167725,1.8669397830963135
1,116,-9.049786567687988,0.8351354002952576,1.8217867612838745
1,117,-8.93774127960205,0.980993926525116,1.8914562463760376
1,118,-9.49636173248291,0.7420911192893982,2.1249873638153076
1,119,-9.306117057800293,0.8000808358192444,1.8256003856658936
2,0,-8.977285385131836,0.7631060481071472,2.3495733737945557
2,1,-9.11129093170166,0.7880685925483704,2.133152961730957
2,2,-9.656332015991211,0.8543180227279663,2.335578203201294
2,3,-9.690613746643066,0.7974488139152527,1.8751552104949951
2,4,-10.066887855529785,0.6967356204986572,2.1787116527557373
2,5,-9.601749420166016,0.7542470693588257,2.0484187602996826
2,6,-10.100625991821289,0.474126935005188,2.131009340286255
2,7,-9.832332611083984,0.7829278707504272,2.4111809730529785
2,8,-10.105400085449219,0.6398068070411682,2.329362392425537
2,9,-10.841251373291016,0.3941628634929657,2.2351794242858887
2,10,-10.009790420532227,0.1362505853176117,2.037710189819336
2,11,-10.103853225708008,0.44998079538345337,2.2263731956481934
2,12,-10.608302116394043,0.38966864347457886,2.151885986328125
2,13,-10.698612213134766,0.4915578365325928,2.338038921356201
2,14,-11.173730850219727,0.37990903854370117,2.206310272216797
2,15,-10.597254753112793,0.28011834621429443,2.168288230895996
2,16,-10.447640419006348,0.21615946292877197,2.1808817386627197
2,17,-11.374222755432129,0.27890145778656006,2.3486263751983643
2,18,-10.343120574951172,0.17747126519680023,1.9020256996154785
2,19,-10.50742244720459,-0.1235925704240799,2.391982316970825
2,20,-11.063858032226562,-0.0711885541677475,2.4679512977600098
2,21,-11.522849082946777,-0.10966472327709198,2.846670150756836
2,22,-11.289695739746094,0.05614325404167175,2.0758233070373535
2,23,-10.578572273254395,-0.2701459527015686,2.3281049728393555
2,24,-10.464771270751953,-0.39924681186676025,2.7361819744110107
2,25,-10.65188217163086,-0.43910887837409973,2.3161027431488037
2,26,-11.092986106872559,-0.49243611097335815,2.7105343341827393
2,27,-11.439536094665527,-0.6955499649047852,2.344573736190796
2,28,-11.243309020996094,-0.9807791709899902,2.482377767562866
2,29,-11.361321449279785,-0.7339686155319214,2.5237178802490234
2,30,-11.468755722045898,-0.7382895946502686,2.1767053604125977
2,31,-10.961808204650879,-0.7637419104576111,2.7565810680389404
2,32,-11.459434509277344,-1.12455153465271,2.5814127922058105
2,33,-11.152264595031738,-1.1928198337554932,2.8916618824005127
2,34,-11.031364440917969,-1.1216893196105957,2.3948493003845215
2,35,-11.487909317016602,-1.0621222257614136,2.9181065559387207
2,36,-11.599666595458984,-1.029791235923767,2.7352614402770996
2,37,-11.226357460021973,-1.127913475036621,2.4087584018707275
2,38,-11.80526351928711,-1.0544970035552979,2.7455437183380127
2,39,-11.410512924194336,-1.1868510246276855,2.6737399101257324
2,40,-11.713788032531738,-1.0158181190490723,2.467297315597534
2,41,-11.877199172973633,-1.1589505672454834,2.6383328437805176
2,42,-12.00617790222168,-1.1797702312469482,3.3025898933410645
2,43,-11.664098739624023,-1.0574215650558472,2.5875983238220215
2,44,-12.197945594787598,-0.959778904914856,2.5943117141723633
2,45,-11.792852401733398,-0.7818049192428589,2.8368711471557617
2,46,-11.676387786865234,-0.8168597221374512,2.9418630599975586
2,47,-12.388484954833984,-0.8083308339118958,3.2864718437194824
2,48,-12.491398811340332,-0.9787641763687134,3.0414745807647705
2,49,-11.770591735839844,-0.9146472215652466,2.728942632675171
2,50,-11.753206253051758,-0.9258593320846558,3.161410093307495
2,51,-11.96718978881836,-0.8015850782394409,3.71174693107605
2,52,-12.166818618774414,-0.6153000593185425,2.916142463684082
2,53,-12.326550483703613,-0.6880497932434082,3.081576347351074
2,54,-12.565410614013672,-0.8794718980789185,3.191669464111328
2,55,-12.666891098022461,-0.7470902800559998,3.4119601249694824
2,56,-12.48603630065918,-0.703363299369812,3.1503427028656006
2,57,-11.80776309967041,-0.5012123584747314,3.5217669010162354
2,58,-12.695858001708984,-0.4389187693595886,3.53928542137146
2,59,-12.832216262817383,-0.5317824482917786,3.4783387184143066
2,60,-12.530427932739258,-0.41812601685523987,3.3477792739868164
2,61,-13.428339004516602,-0.44127222895622253,3.1826586723327637
2,62,-13.120400428771973,-0.40607309341430664,3.7555530071258545
2,63,-13.566232681274414,-0.3580441176891327,3.571794033050537
2,64,-12.865557670593262,-0.32929229736328125,3.5023162364959717
2,65,-13.677688598632812,-0.23275724053382874,3.8650593757629395
2,66,-13.839762687683105,-0.24019639194011688,3.8327434062957764
2,67,-12.545612335205078,-0.36014217138290405,3.9720168113708496
2,68,-13.7698974609375,-0.3934183120727539,3.5222601890563965
2,69,-14.202497482299805,-0.47159960865974426,3.6271185874938965
2,70,-14.052248001098633,-0.6413768529891968,3.7732272148132324
2,71,-13.375267028808594,-0.6051084995269775,3.84678316116333
2,72,-13.670001983642578,-0.6163691282272339,3.768707275390625
2,73,-13.607318878173828,-0.7392882108688354,3.6099963188171387
2,74,-13.601764678955078,-0.7894077301025391,4.1202521324157715
2,75,-13.694585800170898,-0.8989420533180237,3.2319107055664062
2,76,-13.597606658935547,-0.8243105411529541,3.758380889892578
2,77,-13.586440086364746,-0.9328716397285461,3.961472749710083
2,78,-13.894878387451172,-0.9281333684921265,3.82277250289917
2,79,-14.76346206665039,-1.0106940269470215,3.587942600250244
2,80,-13.940471649169922,-0.9955678582191467,3.766744613647461
2,81,-14.425508499145508,-1.1665096282958984,3.955512523651123
2,82,-13.51833724975586,-1.1438521146774292,3.835165023803711
2,83,-13.177816390991211,-1.3490095138549805,4.522699356079102
2,84,-14.49089241027832,-1.3438029289245605,4.096879959106445
2,85,-14.255056381225586,-1.4492888450622559,4.019857883453369
2,86,-13.776481628417969,-1.4060916900634766,3.462259292602539
2,87,-13.843198776245117,-1.516032338142395,4.005119323730469
2,88,-13.229472160339355,-1.4668033123016357,4.595660209655762
2,89,-14.40462875366211,-1.5596826076507568,3.7717418670654297
2,90,-14.442375183105469,-1.4983711242675781,3.631073236465454
2,91,-14.27690315246582,-1.5523078441619873,4.314449310302734
2,92,-14.757181167602539,-1.610127568244934,4.106744766235352
2,93,-13.937262535095215,-1.6745235919952393,3.915379285812378
2,94,-14.426580429077148,-1.651190161705017,3.760653018951416
2,95,-14.331847190856934,-1.762526273727417,3.796278953552246
2,96,-14.820137977600098,-1.7560312747955322,4.170929908752441
2,97,-14.222622871398926,-1.7743430137634277,4.636544227600098
2,98,-14.89196491241455,-1.9058780670166016,4.372805595397949
2,99,-14.409363746643066,-1.9841680526733398,3.98022198677063
2,100,-14.39029312133789,-2.075054168701172,4.386768817901611
2,101,-14.610591888427734,-2.158588409423828,4.516229629516602
2,102,-13.979738235473633,-2.0800023078918457,4.144598007202148
2,103,-14.155640602111816,-2.24436616897583,4.441647529602051
2,104,-15.435585975646973,-2.239375591278076,3.8744499683380127
2,105,-14.39137077331543,-2.2115559577941895,4.4570488929748535
2,106,-14.113099098205566,-2.2419042587280273,4.116969108581543
2,107,-14.422160148620605,-2.247197151184082,4.132744789123535
2,108,-14.457401275634766,-2.2847542762756348,4.323546886444092
2,109,-13.544075965881348,-2.118368625640869,5.303193092346191
2,110,-15.293111801147461,-2.271153450012207,4.798017501831055
2,111,-15.398208618164062,-2.176839590072632,3.956428050994873
2,112,-13.437700271606445,-2.238511323928833,5.084989070892334
2,113,-14.596755981445312,-2.427989959716797,5.130279541015625
2,114,-14.531031608581543,-2.3383402824401855,5.262322425842285
2,115,-14.426311492919922,-2.3360486030578613,5.081855773925781
2,116,-14.090232849121094,-2.234567880630493,4.854817867279053
2,117,-15.223007202148438,-2.177781581878662,4.566547393798828
2,118,-14.812700271606445,-2.165217876434326,5.117864608764648
2,119,-14.851177215576172,-2.0286808013916016,4.5035481452941895
3,0,-14.80107307434082,-1.9467686414718628,4.798738479614258
3,1,-14.345748901367188,-1.7704432010650635,5.430517673492432
3,2,-14.637225151062012,-1.7082808017730713,5.4313554763793945
3,3,-14.840801239013672,-1.5799870491027832,6.199683666229248
3,4,-15.10499095916748,-1.1464874744415283,5.381840705871582
3,5,-15.571149826049805,-1.0492424964904785,4.76375150680542
3,6,-15.24535083770752,-0.7360591292381287,5.661355018615723
3,7,-16.688112258911133,-0.5102921724319458,4.7991814613342285
3,8,-16.211345672607422,-0.24063558876514435,5.95241641998291
3,9,-16.780811309814453,-0.17891868948936462,5.456562042236328
3,10,-15.565046310424805,-0.09644262492656708,5.9711737632751465
3,11,-17.06911277770996,-0.028019987046718597,5.371771335601807
3,12,-17.226741790771484,0.03407016396522522,5.072169303894043
3,13,-16.58352279663086,0.08356490731239319,6.293028831481934
3,14,-17.010507583618164,0.047762177884578705,6.05452299118042
3,15,-17.588279724121094,0.08886964619159698,4.865708351135254
3,16,-18.43413543701172,0.1539560854434967,5.288537979125977
3,17,-18.84247589111328,0.15967905521392822,4.782839775085449
3,18,-18.591793060302734,0.1908293068408966,5.546866416931152
3,19,-18.288738250732422,0.05869835242629051,5.0520524978637695
3,20,-18.636253356933594,0.22235402464866638,5.543299674987793
3,21,-20.285526275634766,0.12570831179618835,4.7098798751831055
3,22,-20.172616958618164,0.14115653932094574,4.260226726531982
3,23,-18.368467330932617,0.22809767723083496,5.387125015258789
3,24,-20.277698516845703,0.1750391721725464,5.228737831115723
3,25,-19.79404067993164,0.16496077179908752,4.848508834838867
3,26,-20.74304962158203,0.2067500650882721,5.080384731292725
3,27,-21.157867431640625,0.24195484817028046,4.985236167907715
3,28,-21.337421417236328,0.18163251876831055,4.907416820526123
3,29,-20.33123779296875,0.18627700209617615,5.093427658081055
3,30,-20.28360366821289,0.16086986660957336,4.206923484802246
3,31,-19.522789001464844,0.1827787458896637,5.865272521972656
3,32,-21.502290725708008,0.15380504727363586,5.402120590209961
3,33,-21.36704444885254,0.15394622087478638,4.536760330200195
3,34,-20.961441040039062,0.028582241386175156,4.457347393035889
3,35,-20.781187057495117,0.11345451325178146,4.6743011474609375
3,36,-21.621198654174805,0.07301840931177139,4.650521755218506
3,37,-21.573957443237305,0.06064444035291672,4.135660171508789
3,38,-22.138986587524414,0.05555754154920578,5.445089340209961
3,39,-21.432432174682617,-0.0931091159582138,3.7559545040130615
3,40,-21.676345825195312,-0.2793024778366089,5.044613838195801
3,41,-21.944290161132812,-0.6322435140609741,4.158279895782471
3,42,-21.601520538330078,-0.6879467964172363,4.362024307250977
3,43,-22.972213745117188,-0.6257843971252441,4.142901420593262
3,44,-21.74242401123047,-0.6567115783691406,4.945491790771484
3,45,-21.387372970581055,-0.8060437440872192,5.063446044921875
3,46,-22.33963966369629,-0.610213577747345,5.408594608306885
3,47,-21.642133712768555,-0.60251384973526,4.514838695526123
3,48,-21.27962875366211,-0.6803288459777832,6.25059700012207
3,49,-23.281070709228516,-0.7279595136642456,4.143864631652832
3,50,-21.80361557006836,-0.6142721772193909,6.183223247528076
3,51,-23.00394058227539,-0.5711091756820679,4.859816074371338
3,52,-24.748273849487305,-0.47850579023361206,3.0366477966308594
3,53,-23.58198356628418,-0.5077574253082275,3.42669939994812
3,54,-24.292402267456055,-0.4795978367328644,3.920884609222412
3,55,-24.45159912109375,-0.43555164337158203,5.05953311920166
3,56,-24.231754302978516,-0.42270606756210327,6.10532283782959
3,57,-25.358001708984375,-0.3855455219745636,3.3504281044006348
3,58,-23.41145896911621,-0.3003358244895935,4.586643695831299
3,59,-25.368297576904297,-0.37588605284690857,3.9503402709960938
3,60,-26.945253372192383,-0.38691067695617676,2.881894588470459
3,61,-25.335216522216797,-0.4633857309818268,5.952104568481445
3,62,-26.70154571533203,-0.5073522329330444,3.5459299087524414
3,63,-26.62738037109375,-0.592304527759552,3.446295738220215
3,64,-27.187824249267578,-0.7511586546897888,3.501157760620117
3,65,-26.368627548217773,-0.9258019328117371,3.848297119140625
3,66,-25.9954833984375,-1.022437572479248,4.084107875823975
3,67,-27.27246856689453,-1.2990965843200684,3.110480546951294
3,68,-27.68317413330078,-1.4191994667053223,3.3987531661987305
3,69,-27.336029052734375,-1.5939667224884033,2.688715934753418
3,70,-25.694625854492188,-1.6395456790924072,4.469544410705566
3,71,-24.415775299072266,-1.9518959522247314,4.910346031188965
3,72,-26.854150772094727,-2.380019187927246,3.826632022857666
3,73,-26.688304901123047,-2.657198667526245,3.828284502029419
3,74,-25.66852569580078,-2.642059803009033,1.9678733348846436
3,75,-26.272140502929688,-2.8965940475463867,3.345128297805786
3,76,-26.092737197875977,-3.162938117980957,3.1502890586853027
3,77,-25.962066650390625,-3.4154040813446045,4.661907196044922
3,78,-27.798049926757812,-3.498414993286133,3.2999608516693115
3,79,-26.463943481445312,-3.554993152618408,3.878293037414551
3,80,-26.072202682495117,-3.3149304389953613,5.39771032333374
3,81,-27.333934783935547,-3.5352931022644043,4.141623497009277
3,82,-27.44989776611328,-3.56471586227417,3.506711006164551
3,83,-27.794143676757812,-3.3738226890563965,2.7772884368896484
3,84,-26.862884521484375,-3.183676242828369,4.055050849914551
3,85,-27.698184967041016,-3.221329689025879,2.7039031982421875
3,86,-27.50807762145996,-2.8241147994995117,3.884629726409912
3,87,-28.875492095947266,-2.1448025703430176,3.9551167488098145
3,88,-29.976842880249023,-1.8635276556015015,2.2454960346221924
3,89,-29.824506759643555,-1.502307415008545,2.849721670150757
3,90,-29.956695556640625,-1.0720911026000977,3.5047614574432373
3,91,-30.369787216186523,-0.927791953086853,2.705495834350586
3,92,-30.433185577392578,-0.30094265937805176,4.114246368408203
3,93,-30.847505569458008,-0.0313829705119133,3.798234701156616
3,94,-32.0646858215332,-0.015557939186692238,3.280932903289795
3,95,-33.08081817626953,-0.011441027745604515,2.8954851627349854
3,96,-32.27802276611328,-0.02752280794084072,3.1077218055725098
3,97,-32.23768997192383,0.05120192468166351,4.844393253326416
3,98,-34.14574432373047,0.01057349517941475,2.725674629211426
3,99,-34.059085845947266,0.015063242986798286,2.6459860801696777
3,100,-34.15912628173828,-0.02748536691069603,2.9101216793060303
3,101,-33.9708251953125,0.026944434270262718,2.7290139198303223
3,102,-32.3494987487793,-0.0031729554757475853,3.6449460983276367
3,103,-34.57302474975586,-0.31371018290519714,3.513556957244873
3,104,-31.66341781616211,-0.5241389274597168,6.730212688446045
3,105,-33.22776794433594,-0.5810763835906982,3.1067323684692383
3,106,-34.36457824707031,-0.9654747843742371,3.8821353912353516
3,107,-32.88861083984375,-1.4262330532073975,2.636481761932373
3,108,-33.725162506103516,-1.9137659072875977,4.481396198272705
3,109,-33.92668151855469,-2.3737294673919678,2.5694191455841064
3,110,-31.00994300842285,-2.360872983932495,2.1027770042419434
3,111,-31.775760650634766,-2.9867851734161377,3.4341466426849365
3,112,-31.844951629638672,-3.4732613563537598,3.4389729499816895
3,113,-32.06126022338867,-3.7453293800354004,1.8521571159362793
3,114,-32.05217742919922,-3.743577480316162,3.470515727996826
3,115,-31.20088768005371,-4.009248733520508,2.787477970123291
3,116,-31.295913696289062,-3.491860866546631,4.337414264678955
3,117,-32.53395462036133,-3.2758917808532715,3.3907322883605957
3,118,-32.55675506591797,-2.7349863052368164,3.307088851928711
3,119,-32.95156478881836,-2.4646079540252686,3.5244574546813965
4,0,-30.97720718383789,-2.094567060470581,2.953174591064453
4,1,-34.48911666870117,-2.260831832885742,3.2422332763671875
4,2,-35.94169235229492,-1.7180039882659912,3.1323182582855225
4,3,-33.87358474731445,-1.0510835647583008,2.455414295196533
4,4,-34.40202713012695,-0.7446390390396118,3.3407018184661865
4,5,-37.4768180847168,-0.5891643762588501,4.87787389755249
4,6,-35.78778076171875,-0.45373988151550293,2.931673049926758
4,7,-36.957664489746094,-0.12498147785663605,3.94681715965271
4,8,-38.55775833129883,-0.14662837982177734,3.5847795009613037
4,9,-37.72487258911133,-0.21776482462882996,3.4557480812072754
4,10,-37.106361389160156,-0.0608149990439415,3.1481876373291016
4,11,-38.190086364746094,0.023863617330789566,4.878426551818848
4,12,-39.09998321533203,-0.10248876363039017,4.2937493324279785
4,13,-40.2000732421875,-0.1784217208623886,3.1793622970581055
4,14,-39.849456787109375,-0.14881137013435364,3.6285839080810547
4,15,-39.02060317993164,-0.09437429159879684,3.315851926803589
4,16,-39.18004608154297,-0.24184513092041016,4.702219009399414
4,17,-39.533329010009766,-0.2835085093975067,3.283827304840088
4,18,-38.876548767089844,-0.7285685539245605,6.008291244506836
4,19,-40.11572265625,-0.8313491344451904,3.7232136726379395
4,20,-40.398406982421875,-0.6223330497741699,2.9623727798461914
4,21,-38.38212585449219,-1.2125996351242065,2.554999351501465
4,22,-38.78476333618164,-1.735041856765747,2.879793643951416
4,23,-40.8112678527832,-2.216031074523926,2.844223737716675
4,24,-38.7181510925293,-2.719316005706787,2.5252463817596436
4,25,-39.77046203613281,-3.3493881225585938,3.201486825942993
4,26,-39.68687438964844,-3.2845139503479004,2.3982841968536377
4,27,-37.60905456542969,-3.6235570907592773,6.307806015014648
4,28,-38.71495056152344,-3.9698424339294434,3.070535182952881
4,29,-39.52851486206055,-4.27775764465332,3.836059331893921
4,30,-39.206172943115234,-4.186546325683594,2.760857343673706
4,31,-37.743526458740234,-4.320750713348389,3.228933811187744
4,32,-37.502899169921875,-4.086204528808594,3.9369029998779297
4,33,-40.02858352661133,-3.9912636280059814,3.0884206295013428
4,34,-40.702816009521484,-3.6919164657592773,3.0383963584899902
4,35,-39.53370666503906,-3.577899694442749,3.49228572845459
4,36,-40.900550842285156,-3.545212984085083,7.304520130157471
4,37,-44.439510345458984,-2.821948528289795,3.5250420570373535
4,38,-39.58878707885742,-2.854098081588745,3.422390937805176
4,39,-42.01178741455078,-2.9664344787597656,3.25588321685791
4,40,-42.55398941040039,-2.848855972290039,3.686783790588379
4,41,-42.218326568603516,-2.589221477508545,3.7425618171691895
4,42,-44.08050537109375,-2.4555437564849854,5.086493492126465
4,43,-43.194000244140625,-2.424515724182129,4.406113624572754
4,44,-44.05137252807617,-2.7212347984313965,4.149627208709717
4,45,-40.081939697265625,-2.261054039001465,6.268669128417969
4,46,-43.72232437133789,-2.4121434688568115,3.4944686889648438
4,47,-45.8708610534668,-2.0127978324890137,3.469876766204834
4,48,-44.232505798339844,-1.7053797245025635,4.577088832855225
4,49,-46.141807556152344,-1.3194258213043213,4.223508834838867
4,50,-47.28803634643555,-1.1120140552520752,5.523197650909424
4,51,-48.75407791137695,-0.9743279218673706,4.834898948669434
4,52,-45.613800048828125,-0.49166369438171387,5.33380126953125
4,53,-47.21940994262695,-0.5599555969238281,6.637187957763672
4,54,-44.807411193847656,-0.22426940500736237,3.8145084381103516
4,55,-46.09300994873047,-0.20709018409252167,6.99537992477417
4,56,-46.834259033203125,-0.21537329256534576,5.330195426940918
4,57,-48.078731536865234,-0.17628568410873413,7.178289890289307
4,58,-51.381622314453125,-0.2159745842218399,5.931048393249512
4,59,-49.3873291015625,-0.3904656171798706,5.64633846282959
4,60,-49.0350341796875,-0.6583399176597595,7.158635139465332
4,61,-47.76862716674805,-0.847260594367981,5.872501373291016
4,62,-48.083099365234375,-1.424410343170166,5.527714729309082
4,63,-47.17680740356445,-2.3896026611328125,5.830573081970215
4,64,-46.05430603027344,-3.250213623046875,4.904653549194336
4,65,-48.85636520385742,-4.089108943939209,6.417435646057129
4,66,-49.15460205078125,-4.763897895812988,5.603752613067627
4,67,-46.29437255859375,-4.878655910491943,6.75538444519043
4,68,-44.484745025634766,-5.334752559661865,6.01365327835083
4,69,-48.042850494384766,-4.857364654541016,5.131740570068359
4,70,-46.4725341796875,-5.096781253814697,7.595224380493164
4,71,-48.14346694946289,-4.224801540374756,3.905308246612549
4,72,-47.569313049316406,-3.9091930389404297,4.975419998168945
4,73,-45.33649444580078,-3.4332056045532227,5.038851737976074
4,74,-47.59990692138672,-3.019465923309326,5.97299337387085
4,75,-48.27766418457031,-2.3029229640960693,6.145716667175293
4,76,-49.16886520385742,-1.8647122383117676,5.832448482513428
4,77,-50.27565383911133,-1.78172767162323,7.068840980529785
4,78,-51.67322540283203,-1.1255741119384766,5.770545482635498
4,79,-46.4184684753418,-1.2547351121902466,5.834372043609619
4,80,-48.22016906738281,-1.4303538799285889,5.811644554138184
4,81,-50.9420166015625,-1.5942925214767456,6.89015007019043
4,82,-49.58312225341797,-1.1191104650497437,10.798888206481934
4,83,-52.23739242553711,-1.5096744298934937,5.344692230224609
4,84,-51.42848587036133,-2.362412929534912,5.414494514465332
4,85,-51.832786560058594,-2.9893975257873535,6.468118667602539
4,86,-48.32391357421875,-1.836510419845581,5.384156703948975
4,87,-49.0488395690918,-2.2880001068115234,5.125746726989746
4,88,-49.93887710571289,-1.8768343925476074,5.881886005401611
4,89,-48.112831115722656,-1.6246850490570068,8.548845291137695
4,90,-51.05075454711914,-2.84993314743042,5.2393317222595215
4,91,-51.4117546081543,-3.2158162593841553,7.054919242858887
4,92,-52.73338317871094,-2.8186819553375244,7.1658430099487305
4,93,-50.27873229980469,-3.3295626640319824,7.314389228820801
4,94,-50.212467193603516,-3.0378386974334717,5.1755571365356445
4,95,-51.78497314453125,-3.3731443881988525,5.749638080596924
4,96,-51.99302673339844,-3.309575080871582,6.7076616287231445
4,97,-50.63906478881836,-2.6095662117004395,7.11421537399292
4,98,-53.28693389892578,-3.544921875,8.06303882598877
4,99,-49.90226745605469,-3.1292738914489746,6.512147903442383
4,100,-49.66704177856445,-2.9413955211639404,7.741793632507324
4,101,-50.58769607543945,-3.2663450241088867,8.20578670501709
4,102,-51.941627502441406,-3.8487894535064697,8.019098281860352
4,103,-50.94685363769531,-3.8676414489746094,6.860452651977539
4,104,-53.557350158691406,-3.5741994380950928,7.820570468902588
4,105,-53.866981506347656,-3.5628457069396973,6.055629253387451
4,106,-53.147865295410156,-3.5193538665771484,7.432833671569824
4,107,-52.78397750854492,-3.2470474243164062,7.824803352355957
4,108,-53.234703063964844,-2.9939863681793213,7.92974853515625
4,109,-51.209495544433594,-3.098294258117676,5.446341514587402
4,110,-52.073387145996094,-3.516350507736206,9.130874633789062
4,111,-54.30828094482422,-3.7485623359680176,8.504331588745117
4,112,-52.43208312988281,-3.5279688835144043,11.01471996307373
4,113,-52.601619720458984,-3.8233513832092285,10.916781425476074
4,114,-55.40877151489258,-3.6867542266845703,7.46527099609375
4,115,-53.66657638549805,-3.887249708175659,7.718748569488525
4,116,-53.12139129638672,-3.0082521438598633,7.971109390258789
4,117,-52.946266174316406,-2.704406976699829,9.055231094360352
4,118,-55.82999801635742,-3.5111162662506104,9.22277545928955
4,119,-53.9307746887207,-3.121159791946411,9.23633098602295
5,0,-52.901268005371094,-2.702728271484375,8.785828590393066
5,1,-53.32341003417969,-2.4348974227905273,9.727850914001465
5,2,-57.75404357910156,-2.262359619140625,9.27055549621582
5,3,-53.29993438720703,-2.045466423034668,10.223097801208496
5,4,-55.78541564941406,-1.4711568355560303,8.783164978027344
5,5,-54.394126892089844,-1.6665624380111694,8.716245651245117
5,6,-55.070316314697266,-2.4124255180358887,7.0101823806762695
5,7,-55.297874450683594,-1.8591690063476562,10.528776168823242
5,8,-54.486183166503906,-3.3643360137939453,11.012984275817871
5,9,-54.29585266113281,-4.288692474365234,9.32522964477539
5,10,-52.811222076416016,-5.2377190589904785,10.91675853729248
5,11,-54.45635986328125,-4.935993671417236,10.327447891235352
5,12,-55.00849151611328,-5.794675827026367,10.327901840209961
5,13,-50.16883087158203,-7.033946990966797,7.919956207275391
5,14,-54.446083068847656,-7.327732086181641,7.772336959838867
5,15,-54.280555725097656,-7.439517974853516,9.406214714050293
5,16,-53.16879653930664,-8.521354675292969,10.180487632751465
5,17,-51.982521057128906,-8.053876876831055,9.115255355834961
5,18,-56.0697021484375,-8.581491470336914,9.703660011291504
5,19,-53.07958221435547,-8.477222442626953,11.115091323852539
5,20,-50.2740364074707,-8.491630554199219,11.085648536682129
5,21,-51.72536087036133,-7.318127632141113,9.401593208312988
5,22,-55.94881820678711,-7.882099151611328,10.177388191223145
5,23,-52.26850128173828,-6.999987602233887,8.774690628051758
5,24,-54.117881774902344,-6.718753814697266,9.904669761657715
5,25,-51.92627716064453,-6.941259860992432,8.982994079589844
5,26,-53.826290130615234,-7.034027099609375,12.637372016906738
5,27,-54.36396026611328,-7.188194274902344,9.747841835021973
5,28,-54.70839309692383,-6.665942668914795,9.729252815246582
5,29,-52.55279541015625,-7.083740711212158,10.0474853515625
5,30,-52.17015838623047,-7.069856643676758,11.369152069091797
5,31,-53.15388488769531,-7.0124311447143555,9.138249397277832
5,32,-56.07792663574219,-7.0652337074279785,8.38231086730957
5,33,-52.24098205566406,-7.425234317779541,10.260539054870605
5,34,-55.00920104980469,-7.723869323730469,10.528104782104492
5,35,-52.31533432006836,-6.560564994812012,10.967869758605957
5,36,-52.905059814453125,-7.135645866394043,11.789655685424805
5,37,-55.17884826660156,-7.425193786621094,10.943731307983398
5,38,-53.77557373046875,-6.341483116149902,11.205948829650879
5,39,-54.828060150146484,-6.5494585037231445,9.605487823486328
5,40,-50.529640197753906,-6.65391731262207,8.886322021484375
5,41,-54.336341857910156,-6.819546699523926,12.218500137329102
5,42,-53.76731872558594,-7.141882419586182,11.191804885864258
5,43,-55.10548400878906,-8.083109855651855,13.046637535095215
5,44,-53.61237716674805,-7.837711811065674,15.519328117370605
5,45,-58.08439254760742,-9.080470085144043,10.02517318725586
5,46,-52.105220794677734,-7.798706531524658,9.006542205810547
5,47,-56.671348571777344,-8.371329307556152,11.064310073852539
5,48,-57.28025817871094,-8.232409477233887,11.270769119262695
5,49,-55.24296951293945,-8.639238357543945,13.346271514892578
5,50,-52.57607650756836,-7.788627624511719,11.215609550476074
5,51,-55.25807571411133,-8.406726837158203,11.397809028625488
5,52,-55.729103088378906,-8.426109313964844,9.358850479125977
5,53,-52.8713493347168,-8.11378288269043,11.478428840637207
5,54,-53.09259796142578,-7.858731269836426,11.895675659179688
5,55,-53.485774993896484,-7.423539638519287,10.664997100830078
5,56,-53.04694366455078,-7.228081226348877,11.610617637634277
5,57,-54.98798370361328,-7.640607833862305,13.161489486694336
5,58,-52.68740463256836,-4.493245601654053,8.796772003173828
5,59,-51.380455017089844,-5.4389472007751465,12.098703384399414
5,60,-53.74563217163086,-5.730328559875488,13.074161529541016
5,61,-56.30998229980469,-5.296202182769775,11.100554466247559
5,62,-55.0161247253418,-5.023834228515625,12.759532928466797
5,63,-53.83184051513672,-5.256762504577637,14.233770370483398
5,64,-53.599666595458984,-4.7686662673950195,14.677814483642578
5,65,-58.17869567871094,-3.719010353088379,13.709005355834961
5,66,-54.9434814453125,-1.900805950164795,11.978607177734375
5,67,-56.6103515625,-2.3914527893066406,11.725435256958008
5,68,-52.19532775878906,-3.2942581176757812,11.907906532287598
5,69,-54.68018341064453,-4.2547454833984375,13.247194290161133
5,70,-56.020050048828125,-4.529333114624023,13.540940284729004
5,71,-56.7458381652832,-5.618495941162109,11.617137908935547
5,72,-55.417579650878906,-6.177804470062256,11.17730712890625
5,73,-54.49004364013672,-7.421462535858154,13.724821090698242
5,74,-54.75294494628906,-8.587841033935547,13.818748474121094
5,75,-50.31462860107422,-9.72518539428711,12.964210510253906
5,76,-51.70660400390625,-11.279726028442383,12.21139907836914
5,77,-50.70418930053711,-11.936187744140625,12.041912078857422
5,78,-58.17105484008789,-12.183094024658203,11.986279487609863
5,79,-50.97254180908203,-12.029102325439453,13.165931701660156
5,80,-50.59580993652344,-11.504829406738281,12.159051895141602
5,81,-55.31887435913086,-12.086504936218262,13.153767585754395
5,82,-54.93267822265625,-9.415119171142578,11.160184860229492
5,83,-50.01433181762695,-9.814353942871094,13.192416191101074
5,84,-51.494529724121094,-9.841931343078613,13.025102615356445
5,85,-52.792964935302734,-9.391740798950195,14.192728996276855
5,86,-51.27980041503906,-8.261579513549805,13.104459762573242
5,87,-57.12409210205078,-7.793091297149658,12.306730270385742
5,88,-54.01520538330078,-7.56170654296875,10.90345573425293
5,89,-52.175838470458984,-8.864233016967773,13.026570320129395
5,90,-52.29508972167969,-8.384416580200195,13.05940055847168
5,91,-52.515525817871094,-8.114022254943848,14.874719619750977
5,92,-51.15477752685547,-7.983577728271484,13.428224563598633
5,93,-53.212432861328125,-8.305627822875977,14.353706359863281
5,94,-53.27329635620117,-7.587143421173096,14.180607795715332
5,95,-55.20368194580078,-8.871753692626953,15.341463088989258
5,96,-53.377105712890625,-8.889163970947266,12.60917854309082
5,97,-51.59505844116211,-9.295245170593262,13.952762603759766
5,98,-53.44550323486328,-10.152015686035156,14.161931991577148
5,99,-52.69174575805664,-9.739084243774414,13.207453727722168
5,100,-50.95473861694336,-9.339954376220703,14.65291976928711
5,101,-51.289695739746094,-11.225263595581055,14.440568923950195
5,102,-52.40753936767578,-10.96118450164795,13.368227005004883
5,103,-53.09874725341797,-10.388819694519043,14.628005027770996
5,104,-51.91109848022461,-9.478500366210938,14.87771987915039
5,105,-54.469539642333984,-10.221028327941895,13.73886489868164
5,106,-51.22382736206055,-9.567614555358887,13.43895435333252
5,107,-56.61407470703125,-9.977632522583008,17.312543869018555
5,108,-52.1125373840332,-9.408292770385742,14.249354362487793
5,109,-53.385780334472656,-6.722393035888672,13.484689712524414
5,110,-51.81536865234375,-7.775609493255615,14.160184860229492
5,111,-50.49365234375,-8.966901779174805,16.539100646972656
5,112,-50.51044464111328,-9.135729789733887,15.54679012298584
5,113,-52.273380279541016,-9.023223876953125,14.731395721435547
5,114,-51.35969161987305,-9.875494003295898,14.50416088104248
5,115,-49.19424819946289,-8.272960662841797,13.101616859436035
5,116,-48.35487365722656,-8.2908296585083,14.411630630493164
5,117,-53.182411193847656,-7.522826194763184,13.206719398498535
5,118,-53.096527099609375,-6.251923561096191,14.527360916137695
5,119,-51.074134826660156,-4.807207107543945,13.32761287689209
6,0,-51.45825958251953,-4.7001142501831055,11.852119445800781
6,1,-50.240699768066406,-3.233388900756836,14.168119430541992
6,2,-52.162803649902344,-3.173363208770752,15.594947814941406
6,3,-50.42826843261719,-3.3464555740356445,15.757780075073242
6,4,-51.59922409057617,-3.142214298248291,15.685757637023926
6,5,-52.3088264465332,-4.174337387084961,16.22549819946289
6,6,-53.15654373168945,-4.101830005645752,15.023754119873047
6,7,-51.051090240478516,-4.784452438354492,14.778072357177734
6,8,-50.24763488769531,-5.720062732696533,16.24712562561035
6,9,-50.037330627441406,-7.816329479217529,15.525314331054688
6,10,-47.84894561767578,-9.158618927001953,14.538259506225586
6,11,-47.36371612548828,-9.599258422851562,13.725994110107422
6,12,-46.919532775878906,-9.304777145385742,13.525609970092773
6,13,-49.88065719604492,-8.504249572753906,13.119816780090332
6,14,-46.690155029296875,-8.043754577636719,13.197259902954102
6,15,-48.79619598388672,-7.389931678771973,13.710693359375
6,16,-46.72603225708008,-6.41868782043457,17.013431549072266
6,17,-52.20469665527344,-3.897061347961426,15.233345031738281
6,18,-52.50821304321289,-3.342088222503662,16.034984588623047
6,19,-51.43012237548828,-1.6525743007659912,17.226388931274414
6,20,-54.06866455078125,-1.7266098260879517,14.72431755065918
6,21,-49.394142150878906,-1.7501952648162842,14.09891128540039
6,22,-51.6480712890625,-2.4819865226745605,17.730005264282227
6,23,-50.77815628051758,-3.0547189712524414,16.726551055908203
6,24,-50.058990478515625,-3.970137596130371,16.23150634765625
6,25,-51.107826232910156,-5.258905410766602,17.877105712890625
6,26,-46.44261169433594,-7.354694366455078,16.105451583862305
6,27,-45.65472412109375,-8.159383773803711,15.425210952758789
6,28,-48.72416687011719,-9.09811019897461,15.968778610229492
6,29,-44.779998779296875,-8.521641731262207,12.916753768920898
6,30,-45.06617736816406,-9.026708602905273,14.50416374206543
6,31,-47.18098831176758,-8.123104095458984,13.571418762207031
6,32,-44.61457824707031,-7.31613302230835,13.584171295166016
6,33,-44.64435577392578,-6.668588638305664,14.46693229675293
6,34,-44.68555450439453,-5.810976028442383,14.841005325317383
6,35,-45.58767318725586,-5.710031509399414,15.097979545593262
6,36,-47.92371368408203,-2.886838436126709,15.433511734008789
6,37,-48.79000473022461,-2.271632194519043,14.968295097351074
6,38,-47.72871780395508,-2.5237019062042236,15.319962501525879
6,39,-48.82814025878906,-1.9962513446807861,15.532844543457031
6,40,-47.64000701904297,-1.9941664934158325,14.898918151855469
6,41,-45.67266845703125,-2.420602798461914,14.159578323364258
6,42,-46.35511779785156,-2.6831860542297363,16.235841751098633
6,43,-42.58568572998047,-2.907111644744873,16.171714782714844
6,44,-45.681556701660156,-5.152700424194336,15.993351936340332
6,45,-45.20521926879883,-5.580296516418457,13.78899097442627
6,46,-45.91008758544922,-5.913881301879883,12.808289527893066
6,47,-45.98637008666992,-5.592881202697754,13.415369987487793
6,48,-47.22740936279297,-5.724994659423828,13.992197036743164
6,49,-48.51497268676758,-6.455742835998535,13.99007797241211
6,50,-45.92125701904297,-4.457028388977051,14.45124626159668
6,51,-46.19148254394531,-3.595479965209961,15.629629135131836
6,52,-45.62837219238281,-2.4056243896484375,15.071075439453125
6,53,-50.4251823425293,-2.7064640522003174,13.412956237792969
6,54,-43.446006774902344,-1.8693511486053467,15.294378280639648
6,55,-47.12982177734375,-2.194209575653076,15.37997055053711
6,56,-43.53718566894531,-2.1650846004486084,14.309179306030273
6,57,-46.92214584350586,-1.977932333946228,14.919940948486328
6,58,-47.23981475830078,-1.7639880180358887,13.82107925415039
6,59,-48.98109817504883,-2.239574909210205,15.553683280944824
6,60,-47.59784698486328,-2.0105819702148438,16.92650032043457
6,61,-47.24958038330078,-2.097167730331421,15.68018913269043
6,62,-45.823753356933594,-1.6912572383880615,15.614450454711914
6,63,-47.95816421508789,-2.1193361282348633,15.294303894042969
6,64,-46.64356231689453,-2.104466438293457,14.11573600769043
6,65,-50.003875732421875,-1.8858296871185303,14.514365196228027
6,66,-47.29819869995117,-2.0061521530151367,14.04510498046875
6,67,-44.50695037841797,-2.0460257530212402,15.122488021850586
6,68,-47.161102294921875,-2.222032070159912,16.18196678161621
6,69,-47.05967712402344,-2.078312873840332,15.020305633544922
6,70,-44.865997314453125,-2.186793088912964,13.40188980102539
6,71,-45.84943771362305,-2.1869211196899414,15.416709899902344
6,72,-48.082786560058594,-2.0600533485412598,14.304973602294922
6,73,-47.11958694458008,-2.660346031188965,14.743170738220215
6,74,-46.17025375366211,-2.223318576812744,14.10400390625
6,75,-47.12542724609375,-2.7248520851135254,12.970314979553223
6,76,-45.02092361450195,-2.6672513484954834,14.836344718933105
6,77,-45.695377349853516,-3.8225274085998535,14.440914154052734
6,78,-46.72247314453125,-3.724369525909424,14.707640647888184
6,79,-49.11151123046875,-4.310492038726807,14.52380657196045
6,80,-49.042877197265625,-4.75044059753418,15.50076961517334
6,81,-48.57951354980469,-3.6768031120300293,13.583860397338867
6,82,-45.391963958740234,-3.638878345489502,13.058161735534668
6,83,-46.425010681152344,-3.74177885055542,15.298981666564941
6,84,-45.12028503417969,-4.154900550842285,13.930929183959961
6,85,-45.377418518066406,-4.974196434020996,13.911554336547852
6,86,-45.34166717529297,-4.966244697570801,14.07179069519043
6,87,-45.8858528137207,-3.985109567642212,14.042830467224121
6,88,-43.747039794921875,-3.410443067550659,12.558636665344238
6,89,-45.91799545288086,-3.420639991760254,15.224327087402344
6,90,-46.27878952026367,-3.2813875675201416,14.074535369873047
6,91,-43.65116882324219,-2.6289772987365723,13.40746021270752
6,92,-45.678062438964844,-3.016624927520752,15.13353157043457
6,93,-46.942012786865234,-2.8170905113220215,14.06104564666748
6,94,-43.70640563964844,-3.085958480834961,13.902589797973633
6,95,-47.524330139160156,-3.078956365585327,14.368268966674805
6,96,-47.341461181640625,-2.8254079818725586,15.240427017211914
6,97,-49.998863220214844,-2.9061200618743896,15.732950210571289
6,98,-47.8698844909668,-3.39751935005188,15.249228477478027
6,99,-44.68580627441406,-3.530210494995117,13.274890899658203
6,100,-49.02613067626953,-5.337424278259277,15.937677383422852
6,101,-48.62297439575195,-5.074833869934082,15.041210174560547
6,102,-45.97960662841797,-4.0946760177612305,14.544744491577148
6,103,-45.92997360229492,-3.8774259090423584,15.700793266296387
6,104,-44.927330017089844,-3.7540907859802246,15.029531478881836
6,105,-47.586326599121094,-3.4035024642944336,16.282669067382812
6,106,-46.52031326293945,-2.490577220916748,13.149018287658691
6,107,-48.23051834106445,-2.5587244033813477,15.2201509475708
6,108,-47.45649337768555,-1.9776023626327515,15.559449195861816
6,109,-46.781253814697266,-2.5366320610046387,15.51657485961914
6,110,-50.75210952758789,-2.240903615951538,14.95164966583252
6,111,-50.53549575805664,-2.7150495052337646,14.901890754699707
6,112,-49.824317932128906,-3.6719017028808594,15.701143264770508
6,113,-51.10137939453125,-4.615909576416016,13.78786563873291
6,114,-49.12487030029297,-6.496530055999756,14.056350708007812
6,115,-44.90494155883789,-6.673774719238281,14.689834594726562
6,116,-48.47352600097656,-7.698275566101074,15.588933944702148
6,117,-48.63471603393555,-8.069791793823242,14.387892723083496
6,118,-46.882415771484375,-7.481135845184326,15.020183563232422
6,119,-46.52229690551758,-7.883819580078125,16.789447784423828
7,0,-45.892189025878906,-7.945134162902832,14.226907730102539
7,1,-47.919921875,-7.9320268630981445,13.596033096313477
7,2,-45.95752716064453,-6.477905750274658,14.519880294799805
7,3,-47.06254196166992,-5.792817115783691,13.964673042297363
7,4,-46.826534271240234,-5.796107292175293,14.964932441711426
7,5,-48.223182678222656,-4.967422008514404,14.24919605255127
7,6,-45.42335510253906,-4.1412153244018555,13.711195945739746
7,7,-46.925140380859375,-4.790770530700684,15.814515113830566
7,8,-45.82210922241211,-4.0980987548828125,16.949474334716797
7,9,-50.669219970703125,-4.283454895019531,14.902746200561523
7,10,-44.54270553588867,-3.9271531105041504,15.47023868560791
7,11,-45.880714416503906,-4.770770072937012,14.961664199829102
7,12,-44.57135009765625,-4.8215742111206055,14.755645751953125
7,13,-48.53669738769531,-6.438836574554443,16.6029052734375
7,14,-47.62298583984375,-6.535062789916992,15.45443344116211
7,15,-46.57240676879883,-7.31089973449707,13.04574203491211
7,16,-48.677608489990234,-6.0924272537231445,15.152302742004395
7,17,-47.47264099121094,-7.733903408050537,15.444881439208984
7,18,-46.187721252441406,-7.494779109954834,15.32602310180664
7,19,-44.93973922729492,-6.7393574714660645,14.393824577331543
7,20,-45.57488250732422,-5.154684066772461,15.962789535522461
7,21,-46.971492767333984,-5.9319539070129395,15.366317749023438
7,22,-46.00053405761719,-5.213902950286865,14.982845306396484
7,23,-48.34858322143555,-4.759025573730469,16.362659454345703
7,24,-48.29103088378906,-4.141964912414551,16.422555923461914
7,25,-46.61818313598633,-4.804111957550049,15.565410614013672
7,26,-47.629364013671875,-5.158031940460205,16.935880661010742
7,27,-45.84157180786133,-4.760354995727539,15.976595878601074
7,28,-46.11598205566406,-4.988487720489502,16.540077209472656
7,29,-46.644920349121094,-4.224078178405762,15.36485481262207
7,30,-46.453617095947266,-3.94645619392395,14.714191436767578
7,31,-44.73823547363281,-3.1542341709136963,16.365032196044922
7,32,-42.67429733276367,-3.3226544857025146,15.368500709533691
7,33,-45.18253707885742,-3.303720474243164,14.673709869384766
7,34,-46.425697326660156,-2.808734178543091,15.40925121307373
7,35,-44.938968658447266,-3.1064677238464355,14.700913429260254
7,36,-47.175750732421875,-2.769029140472412,16.398542404174805
7,37,-46.56584930419922,-2.7472400665283203,16.154001235961914
7,38,-46.944095611572266,-3.056431293487549,17.024158477783203
7,39,-45.61827087402344,-3.5492262840270996,16.633451461791992
7,40,-47.019561767578125,-4.185843467712402,14.98629379272461
7,41,-45.565391540527344,-4.394435405731201,13.683746337890625
7,42,-45.78816223144531,-5.912958145141602,16.308107376098633
7,43,-45.80467987060547,-7.416938304901123,14.32737922668457
7,44,-45.69892883300781,-6.023806095123291,15.649994850158691
7,45,-43.2378044128418,-5.788525581359863,15.80459976196289
7,46,-45.98405456542969,-6.507840156555176,16.085508346557617
7,47,-43.479061126708984,-5.487576961517334,17.93758773803711
7,48,-42.10150909423828,-4.875546932220459,14.182252883911133
7,49,-43.89076232910156,-4.8562517166137695,16.813772201538086
7,50,-47.543609619140625,-4.592054843902588,16.697860717773438
7,51,-45.17501449584961,-3.5532917976379395,16.33263397216797
7,52,-44.13256072998047,-4.088915824890137,14.54580307006836
7,53,-42.85920715332031,-3.208693504333496,15.090765953063965
7,54,-44.20734786987305,-3.852022171020508,14.357185363769531
7,55,-40.834896087646484,-2.711028575897217,13.51351261138916
7,56,-42.486854553222656,-2.756923198699951,14.68796157836914
7,57,-42.50135803222656,-3.0004048347473145,16.437070846557617
7,58,-45.52007293701172,-3.1302597522735596,14.687349319458008
7,59,-44.727394104003906,-3.2624764442443848,15.95056438446045
7,60,-44.028377532958984,-3.1004602909088135,16.828548431396484
7,61,-44.77606201171875,-4.001532554626465,15.596473693847656
7,62,-43.24679183959961,-2.9903018474578857,13.647392272949219
7,63,-41.29887390136719,-2.80374813079834,14.635519981384277
7,64,-44.17404556274414,-5.136780738830566,15.490951538085938
7,65,-43.30027770996094,-4.567538738250732,15.82843017578125
7,66,-42.613677978515625,-4.307549476623535,14.817343711853027
7,67,-41.11898422241211,-3.0218167304992676,15.959805488586426
7,68,-41.553585052490234,-4.0710344314575195,16.096576690673828
7,69,-42.15254211425781,-3.580427646636963,15.587989807128906
7,70,-41.64189147949219,-2.9575512409210205,14.120223999023438
7,71,-41.632450103759766,-2.7582345008850098,14.156149864196777
7,72,-41.15822219848633,-3.2734642028808594,13.558311462402344
7,73,-40.47119140625,-3.489467144012451,14.757356643676758
7,74,-41.685142517089844,-4.32784366607666,13.507692337036133
7,75,-41.445438385009766,-3.566445827484131,12.272098541259766
7,76,-40.914955139160156,-3.009654998779297,12.93770980834961
7,77,-40.667781829833984,-4.1108622550964355,13.060199737548828
7,78,-39.47231674194336,-3.713825225830078,14.718208312988281
7,79,-39.99861145019531,-3.0160951614379883,12.585504531860352
7,80,-39.90898132324219,-4.214073181152344,13.042640686035156
7,81,-39.820953369140625,-3.190385580062866,14.409521102905273
7,82,-43.66981506347656,-3.8309319019317627,14.956421852111816
7,83,-40.88227844238281,-3.646528959274292,14.274961471557617
7,84,-39.604331970214844,-3.689932346343994,14.826165199279785
7,85,-41.0511474609375,-3.478407621383667,13.781828880310059
7,86,-39.204193115234375,-3.112852096557617,14.46833610534668
7,87,-39.67639923095703,-3.0393900871276855,13.382583618164062
7,88,-40.7320671081543,-3.0058822631835938,13.712573051452637
7,89,-37.61167907714844,-2.9143855571746826,12.729066848754883
7,90,-41.248878479003906,-3.826446533203125,14.443376541137695
7,91,-40.65381622314453,-3.8071069717407227,13.396321296691895
7,92,-40.4813232421875,-3.6922719478607178,13.6680908203125
7,93,-40.84236145019531,-3.8678884506225586,13.602243423461914
7,94,-39.53077697753906,-3.5030016899108887,14.709178924560547
7,95,-39.11613464355469,-2.704636573791504,14.851930618286133
7,96,-38.039222717285156,-4.389545440673828,13.84788990020752
7,97,-37.833763122558594,-2.903994560241699,13.75283432006836
7,98,-39.004539489746094,-3.5468289852142334,12.353498458862305
7,99,-36.68522262573242,-2.515045642852783,14.428763389587402
7,100,-37.288909912109375,-3.209681749343872,10.345641136169434
7,101,-36.469764709472656,-2.8683435916900635,11.989542007446289
7,102,-40.31847381591797,-5.147407531738281,12.847256660461426
7,103,-37.75568771362305,-3.529188871383667,11.431385040283203
7,104,-37.577484130859375,-4.414484024047852,13.048578262329102
7,105,-38.47032165527344,-3.99696946144104,12.983753204345703
7,106,-36.63360595703125,-3.3643875122070312,12.10112190246582
7,107,-39.10169982910156,-5.05300760269165,13.088234901428223
7,108,-34.82969665527344,-3.603604316711426,11.183355331420898
7,109,-37.52570343017578,-3.2726516723632812,11.55178451538086
7,110,-36.23119354248047,-3.4352622032165527,13.605751991271973
7,111,-36.473350524902344,-2.962411403656006,11.838979721069336
7,112,-36.93354797363281,-4.2235894203186035,13.597528457641602
7,113,-38.35806655883789,-3.535947322845459,12.037272453308105
7,114,-36.065284729003906,-3.2609949111938477,10.905506134033203
7,115,-36.30834197998047,-3.67330002784729,10.776369094848633
7,116,-38.50576400756836,-2.7900009155273438,12.513571739196777
7,117,-35.175148010253906,-3.011518955230713,10.239391326904297
7,118,-36.353782653808594,-4.150762557983398,11.723499298095703
7,119,-35.752140045166016,-3.262561321258545,11.236717224121094
8,0,-36.165016174316406,-3.142406463623047,11.611795425415039
8,1,-35.97061538696289,-3.757185459136963,13.184921264648438
8,2,-37.067176818847656,-3.79770827293396,11.705083847045898
8,3,-37.03068542480469,-3.608091354370117,11.760039329528809
8,4,-35.48368835449219,-3.359189510345459,12.530586242675781
8,5,-33.941429138183594,-2.9775915145874023,11.195669174194336
8,6,-35.68107223510742,-3.3198108673095703,10.68360424041748
8,7,-35.21200180053711,-3.2567458152770996,10.015568733215332
8,8,-36.312564849853516,-3.1952638626098633,11.646977424621582
8,9,-37.06391143798828,-3.1501448154449463,12.136480331420898
8,10,-33.43666458129883,-3.4108405113220215,12.584982872009277
8,11,-37.44652557373047,-5.4831438064575195,11.841058731079102
8,12,-36.695072174072266,-4.920892238616943,11.39208698272705
8,13,-34.920955657958984,-3.2485976219177246,10.055073738098145
8,14,-33.0264892578125,-3.0714235305786133,11.242456436157227
8,15,-35.25310516357422,-3.203479290008545,12.325136184692383
8,16,-34.485069274902344,-3.0425896644592285,10.480367660522461
8,17,-34.308998107910156,-3.0782744884490967,11.341715812683105
8,18,-36.0982551574707,-4.713938236236572,10.272809028625488
8,19,-35.012935638427734,-4.158572673797607,10.319428443908691
8,20,-32.55546951293945,-3.8072445392608643,10.305042266845703
8,21,-35.034912109375,-3.883024215698242,11.091981887817383
8,22,-33.75758743286133,-4.108962059020996,10.869827270507812
8,23,-31.286874771118164,-2.458926200866699,11.345693588256836
8,24,-32.31939697265625,-2.819436550140381,10.11069107055664
8,25,-34.417171478271484,-2.9072153568267822,12.505875587463379
8,26,-33.94284439086914,-4.547682762145996,10.796825408935547
8,27,-34.76168441772461,-4.043391227722168,9.70424747467041
8,28,-33.256431579589844,-3.10564923286438,9.912997245788574
8,29,-34.17115783691406,-3.9456052780151367,10.721891403198242
8,30,-34.1097297668457,-3.3461127281188965,9.837281227111816
8,31,-34.9251708984375,-4.458473205566406,9.189998626708984
8,32,-33.057777404785156,-3.6904895305633545,10.137605667114258
8,33,-31.524364471435547,-2.5860342979431152,10.048351287841797
8,34,-31.98183250427246,-3.1413774490356445,10.450113296508789
8,35,-33.59337615966797,-3.1618494987487793,12.331554412841797
8,36,-32.5953369140625,-3.357743263244629,9.916644096374512
8,37,-33.51237487792969,-3.0901501178741455,9.220796585083008
8,38,-33.7027473449707,-3.6332619190216064,9.32522964477539
8,39,-32.86903762817383,-2.7999725341796875,9.235573768615723
8,40,-34.250038146972656,-3.976254940032959,9.12034797668457
8,41,-33.27589797973633,-3.38266921043396,10.575542449951172
8,42,-33.88142395019531,-3.695411205291748,11.264106750488281
8,43,-31.495235443115234,-3.245572090148926,10.515812873840332
8,44,-32.87651443481445,-3.095407724380493,9.57608699798584
8,45,-32.758384704589844,-3.2048258781433105,9.793865203857422
8,46,-36.63984680175781,-5.355442523956299,10.963800430297852
8,47,-32.812278747558594,-3.0419254302978516,10.392210006713867
8,48,-36.00508117675781,-5.210873126983643,10.989076614379883
8,49,-30.970211029052734,-2.8858413696289062,9.364017486572266
8,50,-31.164081573486328,-4.2220282554626465,10.296896934509277
8,51,-33.50953674316406,-3.266547679901123,11.48129940032959
8,52,-32.14020919799805,-3.323391914367676,10.140570640563965
8,53,-33.55852127075195,-4.077528476715088,9.649958610534668
8,54,-34.87690734863281,-3.707486629486084,8.947120666503906
8,55,-31.787721633911133,-3.233335494995117,9.546110153198242
8,56,-32.69807434082031,-3.759955883026123,9.65226936340332
8,57,-32.71981430053711,-3.512507915496826,10.303601264953613
8,58,-30.68865203857422,-3.2679619789123535,9.639235496520996
8,59,-30.305484771728516,-2.253878593444824,9.535202980041504
8,60,-32.558868408203125,-3.3334431648254395,9.229914665222168
8,61,-32.09733581542969,-3.581364870071411,7.813714981079102
8,62,-31.361215591430664,-3.3640756607055664,8.97035026550293
8,63,-32.99349594116211,-4.020530700683594,10.05633544921875
8,64,-32.37397766113281,-3.9437661170959473,9.078598022460938
8,65,-31.659509658813477,-3.4979751110076904,10.584115982055664
8,66,-31.193058013916016,-3.859623908996582,9.356440544128418
8,67,-31.32211685180664,-3.5554521083831787,9.502825736999512
8,68,-31.359619140625,-3.661370277404785,8.930039405822754
8,69,-30.788860321044922,-3.5481674671173096,8.98315143585205
8,70,-30.250112533569336,-2.891932725906372,8.433248519897461
8,71,-30.22859764099121,-2.5868520736694336,10.299623489379883
8,72,-31.2933292388916,-3.419767141342163,8.02338981628418
8,73,-32.40999984741211,-2.8202199935913086,10.594826698303223
8,74,-32.154930114746094,-4.356634140014648,8.871316909790039
8,75,-29.7689208984375,-3.610684394836426,8.721466064453125
8,76,-32.00825500488281,-3.3151562213897705,8.801675796508789
8,77,-31.12884521484375,-3.3907690048217773,10.838871002197266
8,78,-30.754802703857422,-3.5974016189575195,8.520755767822266
8,79,-29.889869689941406,-2.960015296936035,9.664974212646484
8,80,-31.246490478515625,-3.0393238067626953,8.466185569763184
8,81,-31.525522232055664,-3.72428560256958,8.048959732055664
8,82,-31.478103637695312,-3.3883724212646484,9.047440528869629
8,83,-31.973026275634766,-4.232231616973877,9.46002197265625
8,84,-31.1204891204834,-3.6205620765686035,8.344629287719727
8,85,-31.982769012451172,-4.375175952911377,8.248623847961426
8,86,-31.403364181518555,-3.860736846923828,8.99058723449707
8,87,-31.16611099243164,-4.575700759887695,10.28787612915039
8,88,-30.775861740112305,-6.061369895935059,9.278467178344727
8,89,-30.356857299804688,-3.654222011566162,8.416825294494629
8,90,-30.710641860961914,-4.30410099029541,8.825105667114258
8,91,-32.17059326171875,-5.599021911621094,7.4075164794921875
8,92,-33.02556610107422,-2.6169071197509766,11.980924606323242
8,93,-32.917724609375,-4.449300765991211,9.805570602416992
8,94,-30.92294692993164,-4.997169017791748,8.66585636138916
8,95,-30.94964027404785,-5.210629940032959,9.114255905151367
8,96,-28.983951568603516,-4.222650051116943,8.57713794708252
8,97,-31.481470108032227,-4.535999298095703,9.603540420532227
8,98,-29.0335693359375,-3.9428277015686035,8.159193992614746
8,99,-28.722890853881836,-3.7748167514801025,8.762247085571289
8,100,-30.958858489990234,-3.9076004028320312,9.58910846710205
8,101,-32.48430633544922,-4.751251697540283,7.88270378112793
8,102,-30.717926025390625,-4.3029632568359375,6.899211406707764
8,103,-30.442211151123047,-5.3460798263549805,8.706676483154297
8,104,-33.14234924316406,-7.352993488311768,9.659807205200195
8,105,-28.707294464111328,-4.289237976074219,8.999882698059082
8,106,-31.715015411376953,-7.231490612030029,9.402652740478516
8,107,-29.68996810913086,-6.3073272705078125,8.059490203857422
8,108,-30.782508850097656,-4.78850793838501,7.566323280334473
8,109,-31.447011947631836,-5.076834201812744,7.927705764770508
8,110,-31.188701629638672,-5.605218410491943,7.921721458435059
8,111,-29.672718048095703,-4.921922206878662,10.481900215148926
8,112,-30.427824020385742,-5.505047798156738,9.472970962524414
8,113,-31.918601989746094,-7.089331150054932,8.220330238342285
8,114,-31.66354751586914,-6.829037666320801,9.638628959655762
8,115,-29.03579330444336,-4.834446907043457,9.766314506530762
8,116,-29.507442474365234,-5.396424293518066,8.289319038391113
8,117,-30.735580444335938,-6.251907825469971,9.289790153503418
8,118,-29.915224075317383,-5.742767333984375,9.14674186706543
8,119,-30.224742889404297,-5.353178977966309,9.409870147705078
9,0,-30.164024353027344,-6.6945648193359375,10.206589698791504
9,1,-30.27446746826172,-6.207352638244629,9.291563987731934
9,2,-31.417186737060547,-7.805731773376465,9.04344654083252
9,3,-30.284603118896484,-7.143930435180664,7.342650890350342
9,4,-29.2363224029541,-5.970851898193359,9.338632583618164
9,5,-29.788528442382812,-7.300793647766113,8.513415336608887
9,6,-29.66706085205078,-6.182645320892334,8.064068794250488
9,7,-30.420116424560547,-6.933685302734375,8.86242961883545
9,8,-30.944076538085938,-8.032570838928223,9.75347900390625
9,9,-29.969512939453125,-8.30117416381836,8.867782592773438
9,10,-30.03282928466797,-7.036984443664551,8.608283042907715
9,11,-30.002941131591797,-6.718039035797119,7.361530780792236
9,12,-28.72382354736328,-5.714536666870117,8.96212387084961
9,13,-30.037647247314453,-8.462701797485352,8.194622039794922
9,14,-31.299785614013672,-8.292634010314941,8.771037101745605
9,15,-29.72426986694336,-7.12491512298584,7.379463195800781
9,16,-29.438026428222656,-7.522103786468506,7.933197975158691
9,17,-30.389141082763672,-6.933725833892822,9.273063659667969
9,18,-27.84872055053711,-6.543271064758301,7.2538604736328125
9,19,-28.85561752319336,-6.713939666748047,8.072315216064453
9,20,-30.21030616760254,-7.388978004455566,7.87761926651001
9,21,-29.72016143798828,-8.681364059448242,7.245684623718262
9,22,-28.855548858642578,-6.619134426116943,10.151020050048828
9,23,-29.495935440063477,-7.6674346923828125,8.237760543823242
9,24,-28.88895034790039,-8.377771377563477,8.543673515319824
9,25,-29.93022918701172,-8.105838775634766,9.707270622253418
9,26,-28.665943145751953,-9.654415130615234,7.630175590515137
9,27,-29.668811798095703,-6.954551696777344,8.712337493896484
9,28,-30.170019149780273,-8.770685195922852,8.780214309692383
9,29,-30.351055145263672,-8.9932861328125,8.234901428222656
9,30,-29.34050750732422,-8.60197925567627,8.395676612854004
9,31,-29.117538452148438,-7.9858551025390625,8.533233642578125
9,32,-29.66797637939453,-9.09688949584961,7.491657257080078
9,33,-27.269296646118164,-8.417786598205566,8.209878921508789
9,34,-30.476022720336914,-9.580810546875,6.325868606567383
9,35,-29.87627410888672,-7.871935844421387,7.743186950683594
9,36,-29.900131225585938,-9.06651496887207,7.584805011749268
9,37,-30.35569190979004,-8.38038158416748,7.933034420013428
9,38,-29.532377243041992,-7.616412162780762,8.864648818969727
9,39,-31.793685913085938,-11.255668640136719,6.422744274139404
9,40,-29.787269592285156,-9.49201774597168,10.313258171081543
9,41,-30.75508689880371,-11.71707820892334,8.538961410522461
9,42,-30.206748962402344,-11.165411949157715,8.018956184387207
9,43,-29.702787399291992,-11.567755699157715,8.762140274047852
9,44,-30.48544692993164,-11.490260124206543,7.503032684326172
9,45,-29.27859878540039,-10.526753425598145,8.433300018310547
9,46,-29.487201690673828,-8.56822681427002,7.838612079620361
9,47,-29.997982025146484,-8.633302688598633,7.7082719802856445
9,48,-29.437009811401367,-9.782598495483398,8.290231704711914
9,49,-29.977184295654297,-10.048904418945312,7.949795722961426
9,50,-29.136890411376953,-11.57046890258789,7.652446746826172
9,51,-29.36606216430664,-10.317838668823242,7.367000102996826
9,52,-30.2630615234375,-11.825020790100098,8.518753051757812
9,53,-30.484697341918945,-10.669618606567383,8.852655410766602
9,54,-29.301227569580078,-11.744255065917969,9.327054023742676
9,55,-28.37530517578125,-11.906386375427246,7.8722639083862305
9,56,-30.855587005615234,-13.560430526733398,6.741820335388184
9,57,-29.541629791259766,-13.054669380187988,7.098705768585205
9,58,-29.344371795654297,-11.851066589355469,7.376713752746582
9,59,-28.862491607666016,-10.557921409606934,9.895732879638672
9,60,-30.35824966430664,-14.082971572875977,7.661655426025391
9,61,-30.616939544677734,-14.193437576293945,9.121318817138672
9,62,-29.695232391357422,-14.131315231323242,8.109928131103516
9,63,-30.082990646362305,-14.51791000366211,8.271406173706055
9,64,-29.39302635192871,-13.481636047363281,8.639444351196289
9,65,-28.475431442260742,-12.377861022949219,8.522706985473633
9,66,-29.19189453125,-14.224331855773926,6.678534507751465
9,67,-29.71626091003418,-12.344443321228027,9.884794235229492
9,68,-32.5771598815918,-13.919178009033203,8.993267059326172
9,69,-29.70622444152832,-13.485424041748047,9.345613479614258
9,70,-29.550996780395508,-15.157173156738281,8.14179801940918
9,71,-29.596263885498047,-16.452068328857422,8.520905494689941
9,72,-30.48541259765625,-15.537115097045898,7.6041178703308105
9,73,-29.001689910888672,-12.20145034790039,6.787738800048828
9,74,-29.964996337890625,-13.577800750732422,7.524513244628906
9,75,-28.950780868530273,-11.421566009521484,7.374277591705322
9,76,-29.986095428466797,-12.22244644165039,6.7970380783081055
9,77,-30.567737579345703,-14.12723445892334,8.19598388671875
9,78,-30.96508026123047,-14.42281723022461,7.771950721740723
9,79,-29.095251083374023,-13.642801284790039,8.129045486450195
9,80,-30.128162384033203,-13.760744094848633,7.9848432540893555
9,81,-29.992828369140625,-13.947822570800781,8.7587890625
9,82,-31.227108001708984,-16.97552490234375,8.43082046508789
9,83,-30.311708450317383,-16.564754486083984,8.020315170288086
9,84,-32.20246124267578,-16.53042984008789,8.222594261169434
9,85,-30.60795783996582,-18.14204978942871,8.593938827514648
9,86,-29.702041625976562,-16.083784103393555,8.164783477783203
9,87,-30.06894874572754,-14.423685073852539,8.374822616577148
9,88,-30.339670181274414,-16.4403076171875,7.719533443450928
9,89,-30.15915298461914,-17.220321655273438,7.165439605712891
9,90,-29.298011779785156,-16.835968017578125,8.00153636932373
9,91,-28.938804626464844,-16.176685333251953,9.039981842041016
9,92,-28.32362174987793,-11.89788818359375,8.711400985717773
9,93,-29.697568893432617,-11.35196590423584,7.726030349731445
9,94,-29.928874969482422,-11.549522399902344,8.193272590637207
9,95,-29.625930786132812,-10.695009231567383,9.32318115234375
9,96,-28.794763565063477,-12.537103652954102,7.869600296020508
9,97,-29.593448638916016,-13.187883377075195,9.59817886352539
9,98,-29.002513885498047,-14.036696434020996,8.832897186279297
9,99,-31.472675323486328,-14.321636199951172,7.7693986892700195
9,100,-28.3804874420166,-15.580223083496094,6.848722457885742
9,101,-30.39274024963379,-15.090974807739258,9.200933456420898
9,102,-30.601181030273438,-17.826107025146484,7.376720905303955
9,103,-29.67574691772461,-15.493398666381836,8.75460147857666
9,104,-29.13113784790039,-13.309574127197266,9.48690128326416
9,105,-29.620338439941406,-13.859264373779297,8.86351490020752
9,106,-29.34397315979004,-12.493473052978516,9.848058700561523
9,107,-30.09761619567871,-17.334562301635742,8.447530746459961
9,108,-29.88331413269043,-15.901786804199219,7.56810188293457
9,109,-30.610496520996094,-14.25080680847168,8.55447769165039
9,110,-31.72528648376465,-16.515857696533203,7.566247940063477
9,111,-30.012615203857422,-16.31256103515625,7.571933269500732
9,112,-29.52825927734375,-17.584247589111328,7.183437824249268
9,113,-31.049463272094727,-15.459566116333008,11.679471969604492
9,114,-28.96282386779785,-17.30266571044922,8.218931198120117
9,115,-30.574092864990234,-18.21588897705078,8.300323486328125
9,116,-31.298730850219727,-16.744216918945312,12.495298385620117
9,117,-30.891653060913086,-19.422679901123047,8.823793411254883
9,118,-30.526601791381836,-19.338497161865234,9.161493301391602
9,119,-29.63903045654297,-18.718461990356445,8.289069175720215
10,0,-31.839515686035156,-18.420700073242188,8.673667907714844
10,1,-29.822681427001953,-14.94982624053955,8.820658683776855
10,2,-30.40829086303711,-17.78645133972168,8.71778392791748
10,3,-28.78936195373535,-14.062817573547363,9.408430099487305
10,4,-32.13736343383789,-17.204113006591797,8.037654876708984
10,5,-31.100688934326172,-17.441688537597656,8.65182113647461
10,6,-33.52025604248047,-20.111392974853516,7.598145008087158
10,7,-30.26557159423828,-18.81525421142578,10.579094886779785
10,8,-30.54267120361328,-19.142921447753906,9.57257080078125
10,9,-29.637971878051758,-18.16350555419922,9.26179313659668
10,10,-30.41211700439453,-17.583049774169922,9.555801391601562
10,11,-29.187931060791016,-16.645639419555664,11.05251407623291
10,12,-30.617435455322266,-17.35638999938965,9.0708646774292
10,13,-30.515268325805664,-15.462379455566406,10.877256393432617
10,14,-29.75319480895996,-16.242382049560547,8.938043594360352
10,15,-31.057804107666016,-14.161746978759766,10.918984413146973
10,16,-30.581104278564453,-16.960458755493164,9.634812355041504
10,17,-30.728118896484375,-14.366436004638672,9.469871520996094
10,18,-30.136287689208984,-17.2198486328125,8.338364601135254
10,19,-31.156856536865234,-18.780635833740234,8.725981712341309
10,20,-31.524200439453125,-20.761117935180664,8.101119041442871
10,21,-30.305583953857422,-19.508804321289062,8.055115699768066
10,22,-29.48841094970703,-17.684368133544922,8.809582710266113
10,23,-29.26728057861328,-16.526691436767578,8.424273490905762
10,24,-30.583232879638672,-16.988367080688477,8.951587677001953
10,25,-30.516735076904297,-15.94192123413086,10.86446762084961
10,26,-30.44280433654785,-18.563430786132812,9.285345077514648
10,27,-30.674680709838867,-20.321334838867188,9.328786849975586
10,28,-30.376323699951172,-18.882022857666016,8.60329818725586
10,29,-31.9355525970459,-18.119539260864258,8.96013069152832
10,30,-29.775148391723633,-16.38749122619629,7.806554794311523
10,31,-28.948436737060547,-14.863422393798828,9.580670356750488
10,32,-31.62228775024414,-17.69972801208496,9.001032829284668
10,33,-31.282958984375,-17.1081600189209,8.97468090057373
10,34,-29.766923904418945,-17.570587158203125,8.657690048217773
10,35,-31.426666259765625,-20.405635833740234,8.575389862060547
10,36,-28.936687469482422,-16.971256256103516,11.94176197052002
10,37,-30.60235595703125,-18.549514770507812,9.717497825622559
10,38,-29.03307342529297,-17.486183166503906,10.4892578125
10,39,-31.105430603027344,-20.41988754272461,9.300004005432129
10,40,-32.767784118652344,-19.043354034423828,11.189045906066895
10,41,-31.24075698852539,-20.53520393371582,9.573138236999512
10,42,-28.730520248413086,-16.29747772216797,12.300569534301758
10,43,-31.441761016845703,-18.840492248535156,9.674640655517578
10,44,-30.971195220947266,-16.09624481201172,10.12682819366455
10,45,-29.730487823486328,-16.929615020751953,9.590202331542969
10,46,-29.515859603881836,-15.729146003723145,9.369951248168945
10,47,-30.650548934936523,-20.69062614440918,8.16090202331543
10,48,-30.324966430664062,-15.935846328735352,11.427512168884277
10,49,-29.779747009277344,-18.377784729003906,10.726921081542969
10,50,-29.75012969970703,-16.03074073791504,12.235954284667969
10,51,-30.330055236816406,-19.58450698852539,10.068111419677734
10,52,-31.17172622680664,-19.215444564819336,10.760379791259766
10,53,-30.67995834350586,-17.701820373535156,9.451484680175781
10,54,-30.61139488220215,-17.732547760009766,9.11992073059082
10,55,-31.624286651611328,-19.524127960205078,9.791454315185547
10,56,-32.00017547607422,-19.504505157470703,9.657739639282227
10,57,-31.358333587646484,-19.460140228271484,9.114323616027832
10,58,-33.501197814941406,-17.638668060302734,10.598677635192871
10,59,-30.98792266845703,-17.33228302001953,10.5811767578125
10,60,-31.175453186035156,-18.01144027709961,10.798057556152344
10,61,-31.426151275634766,-22.213550567626953,8.306164741516113
10,62,-30.550817489624023,-17.90387725830078,9.211637496948242
10,63,-30.949954986572266,-18.765583038330078,8.871086120605469
10,64,-31.89934539794922,-20.337779998779297,9.512787818908691
10,65,-30.236438751220703,-20.60875701904297,9.709491729736328
10,66,-30.653226852416992,-18.714962005615234,10.473459243774414
10,67,-31.12119483947754,-19.326618194580078,9.932004928588867
10,68,-31.211074829101562,-19.47739601135254,10.228164672851562
10,69,-32.580650329589844,-20.21790313720703,8.62271785736084
10,70,-30.36737823486328,-19.311111450195312,10.020999908447266
10,71,-31.454715728759766,-19.99771499633789,10.818702697753906
10,72,-31.53034210205078,-19.836837768554688,9.32341480255127
10,73,-31.39246368408203,-20.77633285522461,8.282608032226562
10,74,-30.895977020263672,-18.543581008911133,10.973553657531738
10,75,-33.50091552734375,-22.769119262695312,8.174867630004883
10,76,-33.09735870361328,-20.60772705078125,9.204713821411133
10,77,-29.09388542175293,-18.69101333618164,11.386659622192383
10,78,-32.47760772705078,-20.351348876953125,10.35519027709961
10,79,-31.542781829833984,-21.50655746459961,9.73619556427002
10,80,-30.372602462768555,-17.66402244567871,12.937677383422852
10,81,-31.474668502807617,-19.945972442626953,9.737810134887695
10,82,-32.318939208984375,-20.48726463317871,9.703927040100098
10,83,-32.13114929199219,-20.805429458618164,9.516672134399414
10,84,-32.11913299560547,-19.158336639404297,11.456228256225586
10,85,-30.752933502197266,-19.858661651611328,12.492121696472168
10,86,-31.091060638427734,-20.024776458740234,10.865985870361328
10,87,-31.307384490966797,-19.62997817993164,9.108269691467285
10,88,-31.484560012817383,-20.48385238647461,9.593950271606445
10,89,-33.42353820800781,-18.360780715942383,11.506135940551758
10,90,-30.687511444091797,-20.46807861328125,9.879916191101074
10,91,-32.100955963134766,-20.096717834472656,11.003520965576172
10,92,-30.365787506103516,-18.60417366027832,11.613849639892578
10,93,-30.058788299560547,-16.06204605102539,13.499335289001465
10,94,-32.21951675415039,-19.31405258178711,10.943522453308105
10,95,-32.75224685668945,-19.131668090820312,10.056742668151855
10,96,-32.683631896972656,-18.47250747680664,11.328744888305664
10,97,-33.30813980102539,-22.232154846191406,7.705269813537598
10,98,-31.616703033447266,-19.739234924316406,9.195072174072266
10,99,-33.13645935058594,-19.959938049316406,10.511869430541992
10,100,-32.21611404418945,-18.86766242980957,10.549578666687012
10,101,-33.3267936706543,-16.431795120239258,12.239906311035156
10,102,-30.264404296875,-16.12883186340332,12.221407890319824
10,103,-31.1555118560791,-20.10637092590332,9.734350204467773
10,104,-30.665842056274414,-17.648744583129883,10.615869522094727
10,105,-31.846921920776367,-18.683502197265625,12.287927627563477
10,106,-33.373619079589844,-18.265653610229492,10.867778778076172
10,107,-32.41899108886719,-17.583847045898438,12.27262020111084
10,108,-32.270320892333984,-17.5413875579834,10.517144203186035
10,109,-31.35260581970215,-21.145368576049805,9.532331466674805
10,110,-30.651931762695312,-17.719730377197266,11.023235321044922
10,111,-30.85915756225586,-20.104904174804688,10.373578071594238
10,112,-31.631549835205078,-21.360937118530273,10.637149810791016
10,113,-30.955284118652344,-19.856243133544922,11.904702186584473
10,114,-31.745059967041016,-19.3619441986084,11.565045356750488
10,115,-29.962257385253906,-15.527743339538574,9.913683891296387
10,116,-31.494823455810547,-20.695741653442383,10.927300453186035
10,117,-30.455608367919922,-17.458436965942383,10.873332023620605
10,118,-30.20724868774414,-17.088600158691406,10.645698547363281
10,119,-35.39136505126953,-21.89462661743164,9.177969932556152
